more_details_url,make,model,battery_,towbar,market_segment,number_of_seats,acceleration,top_speed,range,efficiency,fastcharge,germany_price,nl_price,uk_price,,,,,,,,,,,,,,,,,,,
https://ev-database.org/car/1619/Tesla-Model-Y-Long-Range-Dual-Motor,Tesla,Model Y Long Range Dual Motor,75,Towbar possible,SUV,5,5,217,435,172,670,59017,54993,52990,,,,,,,,,,,,,,,,,,,
https://ev-database.org/car/1555/Tesla-Model-3,Tesla,Model 3,57.5,Towbar possible,Sedan,5,6.1,225,405,142,680,44668,42993,42990,,,,,,,,,,,,,,,,,,,
https://ev-database.org/car/1743/Tesla-Model-Y,Tesla,Model Y,57.5,Towbar possible,SUV,5,6.9,217,350,164,580,47567,47993,44990,,,,,,,,,,,,,,,,,,,
https://ev-database.org/car/1782/BYD-ATTO-3,BYD,ATTO 3,60.5,Towbar not possible,SUV,5,7.3,160,330,183,370,44625,42998,36490,,,,,,,,,,,,,,,,,,,
https://ev-database.org/car/1591/Tesla-Model-3-Long-Range-Dual-Motor,Tesla,Model 3 Long Range Dual Motor,75,Towbar possible,Sedan,5,4.4,233,485,155,750,53668,50993,50990,,,,,,,,,,,,,,,,,,,
https://ev-database.org/car/1708/MG-MG4-Electric-64-kWh,MG,MG4 Electric 64 kWh,61.7,Towbar possible,Hatchback,5,7.9,160,360,171,420,39990,35785,29495,,,,,,,,,,,,,,,,,,,
https://ev-database.org/car/1153/Audi-e-tron-GT-RS,Audi,e-tron GT RS,85,Towbar not possible,Sedan,4,3.3,250,405,210,1000,146050,154835,119000,,,,,,,,,,,,,,,,,,,
https://ev-database.org/car/1667/Smart-1,Smart,#1,62,Towbar possible,SUV,5,6.7,180,335,185,520,42490,41395,35950,,,,,,,,,,,,,,,,,,,
https://ev-database.org/car/1183/Tesla-Model-Y-Performance,Tesla,Model Y Performance,75,Towbar possible,SUV,5,3.7,250,415,181,640,63667,60993,59990,,,,,,,,,,,,,,,,,,,
https://ev-database.org/car/1252/BMW-i4-eDrive40,BMW,i4 eDrive40,80.7,Towbar possible,Sedan,5,5.7,190,515,157,800,59200,62992,57890,,,,,,,,,,,,,,,,,,,
https://ev-database.org/car/1472/BMW-iX-xDrive40,BMW,iX xDrive40,71,Towbar possible,SUV,5,6.1,200,360,197,480,77300,84998,69905,,,,,,,,,,,,,,,,,,,
https://ev-database.org/car/1405/Tesla-Model-S-Plaid,Tesla,Model S Plaid,95,Towbar possible,Liftback,5,2.1,282,560,170,780,130490,133493,115000,,,,,,,,,,,,,,,,,,,
https://ev-database.org/car/1701/BMW-iX1-xDrive30,BMW,iX1 xDrive30,64.7,Towbar possible,SUV,5,5.6,180,370,175,530,55000,57850,53245,,,,,,,,,,,,,,,,,,,
https://ev-database.org/car/1280/Skoda-Enyaq-iV-80,Skoda,Enyaq iV 80,77,Towbar possible,SUV,5,8.6,160,440,175,680,48900,48990,42925,,,,,,,,,,,,,,,,,,,
https://ev-database.org/car/1538/Mercedes-EQE-350plus,Mercedes,EQE 350+,90.6,Towbar possible,Sedan,5,6.4,210,525,173,780,N/A,82028,N/A,,,,,,,,,,,,,,,,,,,
https://ev-database.org/car/1910/Volvo-EX30-Single-Motor-ER,Volvo,EX30 Single Motor ER,64,Towbar possible,SUV,5,5.3,180,370,173,550,41790,41495,38545,,,,,,,,,,,,,,,,,,,
https://ev-database.org/car/1620/Tesla-Model-3-Performance,Tesla,Model 3 Performance,75,Towbar not possible,Sedan,5,3.3,261,460,163,710,57668,54993,57990,,,,,,,,,,,,,,,,,,,
https://ev-database.org/car/1423/Hyundai-Kona-Electric-64-kWh,Hyundai,Kona Electric 64 kWh,64,Towbar possible,SUV,5,7.9,167,395,162,370,42900,N/A,N/A,,,,,,,,,,,,,,,,,,,
https://ev-database.org/car/1666/Kia-Niro-EV,Kia,Niro EV,64.8,Towbar possible,SUV,5,7.8,167,385,168,390,45690,44795,37295,,,,,,,,,,,,,,,,,,,
https://ev-database.org/car/1483/Mercedes-EQS-450plus,Mercedes,EQS 450+,107.8,Towbar possible,Sedan,5,6.2,210,635,170,950,109551,109090,105610,,,,,,,,,,,,,,,,,,,
https://ev-database.org/car/1404/Tesla-Model-S-Dual-Motor,Tesla,Model S Dual Motor,95,Towbar possible,Liftback,5,3.2,250,575,165,800,105490,108493,96000,,,,,,,,,,,,,,,,,,,
https://ev-database.org/car/1976/Tesla-Model-3-Long-Range-RWD,Tesla,Model 3 Long Range RWD,75,Towbar possible,Sedan,5,5.9,233,495,152,770,N/A,46993,46990,,,,,,,,,,,,,,,,,,,
https://ev-database.org/car/1839/Volkswagen-ID7-Pro,Volkswagen,ID.7 Pro,77,Towbar possible,Sedan,5,6.5,180,475,162,710,56995,60000,53000,,,,,,,,,,,,,,,,,,,
https://ev-database.org/car/1521/Renault-Megane-E-Tech-EV60-220hp,Renault,Megane E-Tech EV60 220hp,60,Towbar possible,SUV,5,7.4,160,380,158,530,46600,42970,36995,,,,,,,,,,,,,,,,,,,
https://ev-database.org/car/1337/Mercedes-EQC-400-4MATIC,Mercedes,EQC 400 4MATIC,80,Towbar possible,SUV,5,5.1,180,370,216,440,66069,N/A,N/A,,,,,,,,,,,,,,,,,,,
https://ev-database.org/car/1535/BMW-iX3,BMW,iX3,74,Towbar possible,SUV,5,6.8,180,385,192,520,67300,71462,64165,,,,,,,,,,,,,,,,,,,
https://ev-database.org/car/1784/BYD-HAN,BYD,HAN,85.4,Towbar not possible,Sedan,5,3.9,180,475,180,450,70805,71490,N/A,,,,,,,,,,,,,,,,,,,
https://ev-database.org/car/1783/BYD-TANG,BYD,TANG,86.4,Towbar possible,SUV,7,4.6,180,360,240,330,71400,73300,N/A,,,,,,,,,,,,,,,,,,,
https://ev-database.org/car/1705/Dacia-Spring-Electric-45,Dacia,Spring Electric 45,25,Towbar not possible,Hatchback,4,19.1,125,165,152,180,22550,21750,N/A,,,,,,,,,,,,,,,,,,,
https://ev-database.org/car/1490/Audi-Q4-e-tron-40,Audi,Q4 e-tron 40,76.6,Towbar possible,SUV,5,8.5,160,405,189,630,51900,59415,50630,,,,,,,,,,,,,,,,,,,
https://ev-database.org/car/1473/BMW-iX-xDrive50,BMW,iX xDrive50,105.2,Towbar possible,SUV,5,4.6,200,505,208,680,100100,105097,102755,,,,,,,,,,,,,,,,,,,
https://ev-database.org/car/1471/Kia-EV6-GT,Kia,EV6 GT,74,Towbar possible,SUV,5,3.5,260,360,206,940,72990,69295,62645,,,,,,,,,,,,,,,,,,,
https://ev-database.org/car/1747/Hongqi-E-HS9-99-kWh,Hongqi,E-HS9 99 kWh,90,Towbar possible,SUV,5,4.9,200,370,243,430,N/A,94590,N/A,,,,,,,,,,,,,,,,,,,
https://ev-database.org/car/1707/MG-MG4-Electric-51-kWh,MG,MG4 Electric 51 kWh,50.8,Towbar possible,Hatchback,5,7.7,160,300,169,340,34990,32285,26995,,,,,,,,,,,,,,,,,,,
https://ev-database.org/car/1541/MG-ZS-EV-Long-Range,MG,ZS EV Long Range,68.3,Towbar possible,SUV,5,8.4,175,370,185,420,37990,39885,32995,,,,,,,,,,,,,,,,,,,
https://ev-database.org/car/1519/BMW-i4-M50,BMW,i4 M50,80.7,Towbar possible,Sedan,5,3.9,225,450,179,700,70800,76786,71085,,,,,,,,,,,,,,,,,,,
https://ev-database.org/car/1676/BMW-i7-xDrive60,BMW,i7 xDrive60,101.7,Towbar possible,Sedan,5,4.7,240,510,199,760,139900,145453,113970,,,,,,,,,,,,,,,,,,,
https://ev-database.org/car/1164/Renault-Zoe-ZE50-R110,Renault,Zoe ZE50 R110,52,Towbar not possible,Hatchback,5,11.4,135,315,165,230,36840,34895,N/A,,,,,,,,,,,,,,,,,,,
https://ev-database.org/car/1583/Peugeot-e-208,Peugeot,e-208,46.3,Towbar not possible,Hatchback,5,8.1,150,285,162,460,39100,N/A,31595,,,,,,,,,,,,,,,,,,,
https://ev-database.org/car/1719/Hyundai-IONIQ-6-Long-Range-AWD,Hyundai,IONIQ 6 Long Range AWD,74,Towbar possible,Sedan,5,5.1,185,440,168,1150,61100,59395,50540,,,,,,,,,,,,,,,,,,,
https://ev-database.org/car/1831/Volkswagen-ID3-Pro,Volkswagen,ID.3 Pro,58,Towbar possible,Hatchback,5,7.3,160,350,166,450,39995,44990,37115,,,,,,,,,,,,,,,,,,,
https://ev-database.org/car/1314/Volkswagen-ID4-Pro-Performance,Volkswagen,ID.4 Pro Performance,77,Towbar possible,SUV,5,8.5,160,410,188,630,46335,53690,46035,,,,,,,,,,,,,,,,,,,
https://ev-database.org/car/1481/Kia-EV6-Long-Range-2WD,Kia,EV6 Long Range 2WD,74,Towbar possible,SUV,5,7.3,185,410,180,1070,51990,51995,45245,,,,,,,,,,,,,,,,,,,
https://ev-database.org/car/1785/BMW-i4-eDrive35,BMW,i4 eDrive35,67,Towbar possible,Sedan,5,6,190,430,156,580,56500,59362,49995,,,,,,,,,,,,,,,,,,,
https://ev-database.org/car/1770/Audi-Q8-e-tron-55-quattro,Audi,Q8 e-tron 55 quattro,106,Towbar possible,SUV,5,5.6,200,495,214,630,85300,82985,77800,,,,,,,,,,,,,,,,,,,
https://ev-database.org/car/1564/Toyota-bZ4X-FWD,Toyota,bZ4X FWD,64,Towbar possible,SUV,5,7.5,160,340,188,510,47490,48995,46110,,,,,,,,,,,,,,,,,,,
https://ev-database.org/car/1651/Volkswagen-ID-Buzz-Pro,Volkswagen,ID. Buzz Pro,77,Towbar possible,SPV,5,10.2,145,345,223,480,64581,66160,58915,,,,,,,,,,,,,,,,,,,
https://ev-database.org/car/1285/Fiat-500e-Hatchback-42-kWh,Fiat,500e Hatchback 42 kWh,37.3,Towbar not possible,Hatchback,4,9,150,235,159,390,34990,34490,31195,,,,,,,,,,,,,,,,,,,
https://ev-database.org/car/1474/MG-MG5-Electric-Long-Range,MG,MG5 Electric Long Range,57.4,Towbar possible,Station,5,7.7,185,335,171,330,38490,38885,30995,,,,,,,,,,,,,,,,,,,
https://ev-database.org/car/1409/Mini-Cooper-SE,Mini,Cooper SE,28.9,Towbar not possible,Hatchback,4,7.3,150,180,161,260,35700,38690,32550,,,,,,,,,,,,,,,,,,,
https://ev-database.org/car/1420/Audi-e-tron-GT-quattro,Audi,e-tron GT quattro,85,Towbar not possible,Sedan,4,4.1,245,420,202,1030,106050,111115,87800,,,,,,,,,,,,,,,,,,,
https://ev-database.org/car/1816/Jeep-Avenger-Electric,Jeep,Avenger Electric,50.8,Towbar not possible,SUV,5,9,150,300,169,480,37000,39500,35700,,,,,,,,,,,,,,,,,,,
https://ev-database.org/car/1718/Hyundai-IONIQ-6-Long-Range-2WD,Hyundai,IONIQ 6 Long Range 2WD,74,Towbar possible,Sedan,5,7.4,185,495,149,1290,54000,50895,47040,,,,,,,,,,,,,,,,,,,
https://ev-database.org/car/1909/Volvo-EX30-Single-Motor,Volvo,EX30 Single Motor,49,Towbar possible,SUV,5,5.7,180,280,175,430,36590,36795,33795,,,,,,,,,,,,,,,,,,,
https://ev-database.org/car/1627/Volkswagen-ID4-Pro,Volkswagen,ID.4 Pro,77,Towbar possible,SUV,5,10.4,160,410,188,630,N/A,51990,44605,,,,,,,,,,,,,,,,,,,
https://ev-database.org/car/1944/MG-MG4-Electric-XPOWER,MG,MG4 Electric XPOWER,61.7,Towbar not possible,Hatchback,5,3.8,200,325,190,370,46990,N/A,36495,,,,,,,,,,,,,,,,,,,
https://ev-database.org/car/1973/MG-MG4-Electric-77-kWh,MG,MG4 Electric 77 kWh,74.4,Towbar not possible,Hatchback,5,6.5,180,425,175,430,N/A,N/A,36495,,,,,,,,,,,,,,,,,,,
https://ev-database.org/car/1662/Hyundai-IONIQ-5-Long-Range-2WD,Hyundai,IONIQ 5 Long Range 2WD,74,Towbar possible,SUV,5,7.3,185,390,190,1020,47900,52895,46945,,,,,,,,,,,,,,,,,,,
https://ev-database.org/car/1484/Mercedes-EQS-580-4MATIC,Mercedes,EQS 580 4MATIC,107.8,Towbar possible,Sedan,5,4.3,210,595,181,890,141705,173825,N/A,,,,,,,,,,,,,,,,,,,
https://ev-database.org/car/1698/Mercedes-EQA-250plus,Mercedes,EQA 250+,70.5,Towbar possible,SUV,5,8.6,160,420,168,580,52205,59675,52010,,,,,,,,,,,,,,,,,,,
https://ev-database.org/car/1302/Nissan-Ariya-87kWh,Nissan,Ariya 87kWh,87,Towbar possible,SUV,5,7.6,160,450,193,540,58990,54990,44645,,,,,,,,,,,,,,,,,,,
https://ev-database.org/car/1586/Opel-Mokka-e,Opel,Mokka-e,46.3,Towbar not possible,SUV,5,9.2,150,260,178,420,40650,39749,38835,,,,,,,,,,,,,,,,,,,
https://ev-database.org/car/1840/Volkswagen-ID7-Pro-S,Volkswagen,ID.7 Pro S,86,Towbar not possible,Sedan,5,7,180,520,165,800,60000,65000,56000,,,,,,,,,,,,,,,,,,,
https://ev-database.org/car/1830/Hyundai-Kona-Electric-65-kWh,Hyundai,Kona Electric 65 kWh,65.4,Towbar possible,SUV,5,8.8,170,390,168,400,48000,43995,38595,,,,,,,,,,,,,,,,,,,
https://ev-database.org/car/1664/Mercedes-EQB-250,Mercedes,EQB 250,66.5,Towbar not possible,SUV,7,8.9,160,385,173,550,52550,59917,N/A,,,,,,,,,,,,,,,,,,,
https://ev-database.org/car/1765/Rolls-Royce-Spectre,Rolls-Royce,Spectre,100,Towbar not possible,Coupe,4,4.5,250,455,220,540,400000,400000,350000,,,,,,,,,,,,,,,,,,,
https://ev-database.org/car/1279/Skoda-Enyaq-iV-60,Skoda,Enyaq iV 60,58,Towbar possible,SUV,5,8.7,160,340,171,460,N/A,44990,38970,,,,,,,,,,,,,,,,,,,
https://ev-database.org/car/1712/Fisker-Ocean-One,Fisker,Ocean One,106.5,Towbar possible,SUV,5,3.9,205,530,201,630,69950,70000,60880,,,,,,,,,,,,,,,,,,,
https://ev-database.org/car/1516/CUPRA-Born-150-kW---58-kWh,CUPRA,Born 150 kW - 58 kWh,58,Towbar not possible,Hatchback,5,7.3,160,350,166,470,39370,39990,36475,,,,,,,,,,,,,,,,,,,
https://ev-database.org/car/1656/Nissan-Leaf,Nissan,Leaf,39,Towbar not possible,Hatchback,5,7.9,144,235,166,230,33400,35090,28995,,,,,,,,,,,,,,,,,,,
https://ev-database.org/car/1489/Volkswagen-ID4-Pure,Volkswagen,ID.4 Pure,52,Towbar possible,SUV,5,10.9,160,285,182,360,N/A,42940,38845,,,,,,,,,,,,,,,,,,,
https://ev-database.org/car/1835/Kia-EV9-998-kWh-AWD,Kia,EV9 99.8 kWh AWD,99.8,Towbar possible,SUV,7,5.3,200,430,232,780,75000,78895,65000,,,,,,,,,,,,,,,,,,,
https://ev-database.org/car/1792/Opel-Astra-Electric,Opel,Astra Electric,50.8,Towbar not possible,Hatchback,5,8.5,170,310,164,500,45060,40000,39995,,,,,,,,,,,,,,,,,,,
https://ev-database.org/car/1587/Citroen-e-C4,Citroen,e-C4,46.3,Towbar not possible,Hatchback,5,9.7,150,290,160,460,36040,40140,31995,,,,,,,,,,,,,,,,,,,
https://ev-database.org/car/1911/Volvo-EX30-Twin-Motor-Performance,Volvo,EX30 Twin Motor Performance,64,Towbar possible,SUV,5,3.6,180,360,178,540,48490,49995,40995,,,,,,,,,,,,,,,,,,,
https://ev-database.org/car/1934/Zeekr-001-Performance-AWD,Zeekr,001 Performance AWD,94,Towbar possible,Liftback,5,3.8,200,505,186,700,N/A,63490,N/A,,,,,,,,,,,,,,,,,,,
https://ev-database.org/car/1710/Fisker-Ocean-Ultra,Fisker,Ocean Ultra,106.5,Towbar possible,SUV,5,4.2,200,535,199,640,57000,58000,49880,,,,,,,,,,,,,,,,,,,
https://ev-database.org/car/1974/Tesla-Model-Y,Tesla,Model Y,57.5,Towbar possible,SUV,5,6.9,217,350,164,580,47567,47993,44990,,,,,,,,,,,,,,,,,,,
https://ev-database.org/car/1906/BMW-i5-eDrive40-Sedan,BMW,i5 eDrive40 Sedan,81.2,Towbar possible,Sedan,5,6,193,475,171,710,70200,77572,74105,,,,,,,,,,,,,,,,,,,
https://ev-database.org/car/1482/Kia-EV6-Long-Range-AWD,Kia,EV6 Long Range AWD,74,Towbar possible,SUV,5,5.2,185,400,185,1050,55980,57995,51745,,,,,,,,,,,,,,,,,,,
https://ev-database.org/car/1650/Volkswagen-e-Up,Volkswagen,e-Up!,32.3,Towbar not possible,Hatchback,4,11.9,130,205,158,170,29995,N/A,N/A,,,,,,,,,,,,,,,,,,,
https://ev-database.org/car/1919/BYD-DOLPHIN-604-kWh,BYD,DOLPHIN 60.4 kWh,60.5,Towbar possible,Hatchback,5,7,160,340,178,340,36240,36490,31000,,,,,,,,,,,,,,,,,,,
https://ev-database.org/car/1917/BYD-DOLPHIN-449-kWh-Active,BYD,DOLPHIN 44.9 kWh Active,44.9,Towbar not possible,Hatchback,5,10,150,255,176,260,29990,29990,26000,,,,,,,,,,,,,,,,,,,
https://ev-database.org/car/1818/Polestar-2-Long-Range-Single-Motor,Polestar,2 Long Range Single Motor,79,Towbar possible,Liftback,5,6.2,205,445,178,660,54475,55200,48950,,,,,,,,,,,,,,,,,,,
https://ev-database.org/car/1407/Tesla-Model-X-Dual-Motor,Tesla,Model X Dual Motor,95,Towbar possible,SUV,7,3.9,250,475,200,660,113490,117493,100000,,,,,,,,,,,,,,,,,,,
https://ev-database.org/car/1179/Audi-Q4-e-tron-35,Audi,Q4 e-tron 35,52,Towbar possible,SUV,5,9,160,285,182,360,N/A,52105,N/A,,,,,,,,,,,,,,,,,,,
https://ev-database.org/car/1205/Renault-Zoe-ZE50-R135,Renault,Zoe ZE50 R135,52,Towbar not possible,Hatchback,5,9.5,140,310,168,230,37840,36195,29995,,,,,,,,,,,,,,,,,,,
https://ev-database.org/car/1493/Mercedes-EQB-350-4MATIC,Mercedes,EQB 350 4MATIC,66.5,Towbar not possible,SUV,7,6.2,160,340,196,490,58197,68266,56810,,,,,,,,,,,,,,,,,,,
https://ev-database.org/car/1696/Lucid-Air-Dream-Edition-R,Lucid,Air Dream Edition R,118,Towbar not possible,Sedan,5,2.9,270,685,172,870,218000,222000,N/A,,,,,,,,,,,,,,,,,,,
https://ev-database.org/car/1663/Hyundai-IONIQ-5-Long-Range-AWD,Hyundai,IONIQ 5 Long Range AWD,74,Towbar possible,SUV,5,5.1,185,385,192,1010,59200,60995,50445,,,,,,,,,,,,,,,,,,,
https://ev-database.org/car/1713/Mercedes-EQE-300,Mercedes,EQE 300,89,Towbar possible,Sedan,5,7.3,210,515,173,650,N/A,71138,74345,,,,,,,,,,,,,,,,,,,
https://ev-database.org/car/1680/Mazda-MX-30,Mazda,MX-30,30,Towbar not possible,SUV,5,9.7,140,170,176,210,35990,36440,31250,,,,,,,,,,,,,,,,,,,
https://ev-database.org/car/1798/Volvo-XC40-Recharge-Twin-Motor,Volvo,XC40 Recharge Twin Motor,79,Towbar possible,SUV,5,4.8,180,390,203,580,59950,59995,51755,,,,,,,,,,,,,,,,,,,
https://ev-database.org/car/1408/Tesla-Model-X-Plaid,Tesla,Model X Plaid,95,Towbar possible,SUV,7,2.6,262,455,209,630,133490,137493,125000,,,,,,,,,,,,,,,,,,,
https://ev-database.org/car/1842/Polestar-4-Long-Range-Dual-Motor,Polestar,4 Long Range Dual Motor,94,Towbar possible,Liftback,5,3.8,200,475,198,710,65000,65000,60000,,,,,,,,,,,,,,,,,,,
https://ev-database.org/car/1518/CUPRA-Born-170-kW---77-kWh,CUPRA,Born 170 kW - 77 kWh,77,Towbar not possible,Hatchback,4,7,160,450,171,630,46450,51990,41975,,,,,,,,,,,,,,,,,,,
https://ev-database.org/car/1677/Lexus-RZ-450e,Lexus,RZ 450e,64,Towbar possible,SUV,5,5.6,160,320,200,480,68000,67495,64500,,,,,,,,,,,,,,,,,,,
https://ev-database.org/car/1767/Lotus-Eletre,Lotus,Eletre,109,Towbar possible,Sedan,5,4.5,250,495,220,1040,95990,98690,89500,,,,,,,,,,,,,,,,,,,
https://ev-database.org/car/1585/Opel-Corsa-e,Opel,Corsa-e,46.3,Towbar not possible,Hatchback,5,8.1,150,295,157,470,N/A,N/A,33930,,,,,,,,,,,,,,,,,,,
https://ev-database.org/car/1945/Fiat-600e,Fiat,600e,50.8,Towbar not possible,SUV,5,9,150,305,167,490,36490,35990,31000,,,,,,,,,,,,,,,,,,,
https://ev-database.org/car/1940/Honda-eNy1,Honda,e:Ny1,62,Towbar not possible,SUV,5,7.6,160,360,172,320,47590,48750,N/A,,,,,,,,,,,,,,,,,,,
https://ev-database.org/car/1422/Hyundai-Kona-Electric-39-kWh,Hyundai,Kona Electric 39 kWh,39.2,Towbar not possible,SUV,5,9.9,155,250,157,220,36400,N/A,N/A,,,,,,,,,,,,,,,,,,,
https://ev-database.org/car/1590/BMW-iX-M60,BMW,iX M60,105.2,Towbar possible,SUV,5,3.8,250,485,217,650,136100,138383,122775,,,,,,,,,,,,,,,,,,,
https://ev-database.org/car/1270/Renault-Twingo-Electric,Renault,Twingo Electric,21.3,Towbar not possible,Hatchback,4,12.6,135,135,158,-,28000,24190,N/A,,,,,,,,,,,,,,,,,,,
https://ev-database.org/car/1772/Audi-Q8-e-tron-Sportback-55-quattro,Audi,Q8 e-tron Sportback 55 quattro,106,Towbar possible,SUV,5,5.6,200,525,202,660,87550,85385,80300,,,,,,,,,,,,,,,,,,,
https://ev-database.org/car/1787/NIO-ET5-100-kWh,NIO,ET5 100 kWh,90,Towbar possible,Sedan,5,4,200,500,180,520,68500,71700,N/A,,,,,,,,,,,,,,,,,,,
https://ev-database.org/car/1476/Hyundai-IONIQ-5-Standard-Range-2WD,Hyundai,IONIQ 5 Standard Range 2WD,54,Towbar possible,SUV,5,8.5,185,295,183,720,43900,49295,43445,,,,,,,,,,,,,,,,,,,
https://ev-database.org/car/1828/Volkswagen-ID4-GTX,Volkswagen,ID.4 GTX,77,Towbar possible,SUV,5,6.3,180,400,193,560,53255,61790,52865,,,,,,,,,,,,,,,,,,,
https://ev-database.org/car/1933/Zeekr-001-Long-Range-RWD,Zeekr,001 Long Range RWD,94,Towbar possible,Liftback,5,7.2,200,530,177,740,N/A,60490,N/A,,,,,,,,,,,,,,,,,,,
https://ev-database.org/car/1841/Polestar-4-Long-Range-Single-Motor,Polestar,4 Long Range Single Motor,94,Towbar possible,Liftback,5,7.4,180,510,184,760,60000,60000,55000,,,,,,,,,,,,,,,,,,,
https://ev-database.org/car/1567/Subaru-Solterra-AWD,Subaru,Solterra AWD,64,Towbar possible,SUV,5,6.9,160,320,200,480,57490,56395,49995,,,,,,,,,,,,,,,,,,,
https://ev-database.org/car/1748/Smart-1-Brabus,Smart,#1 Brabus,62,Towbar possible,SUV,5,3.9,180,315,197,490,48990,48895,43450,,,,,,,,,,,,,,,,,,,
https://ev-database.org/car/1796/Volvo-XC40-Recharge-Single-Motor,Volvo,XC40 Recharge Single Motor,66,Towbar possible,SUV,5,7.3,180,345,191,420,47500,45995,46505,,,,,,,,,,,,,,,,,,,
https://ev-database.org/car/1797/Volvo-XC40-Recharge-Single-Motor-ER,Volvo,XC40 Recharge Single Motor ER,79,Towbar possible,SUV,5,7.3,180,405,195,600,53000,51495,N/A,,,,,,,,,,,,,,,,,,,
https://ev-database.org/car/1760/Mercedes-EQE-SUV-350plus,Mercedes,EQE SUV 350+,90.6,Towbar possible,SUV,5,6.7,210,450,201,670,86811,91950,N/A,,,,,,,,,,,,,,,,,,,
https://ev-database.org/car/1491/Audi-Q4-e-tron-50-quattro,Audi,Q4 e-tron 50 quattro,76.6,Towbar possible,SUV,5,6.2,180,385,199,550,57900,71015,57010,,,,,,,,,,,,,,,,,,,
https://ev-database.org/car/1475/MG-Marvel-R-Performance,MG,Marvel R Performance,70,Towbar possible,SUV,5,4.9,200,350,200,380,50990,52485,N/A,,,,,,,,,,,,,,,,,,,
https://ev-database.org/car/1837/Maxus-MIFA-9,Maxus,MIFA 9,90,Towbar possible,SPV,7,9.2,180,345,261,290,68990,N/A,65290,,,,,,,,,,,,,,,,,,,
https://ev-database.org/car/1751/NIO-ET7-75-kWh,NIO,ET7 75 kWh,70.5,Towbar possible,Sedan,5,3.8,200,400,176,540,81900,84900,N/A,,,,,,,,,,,,,,,,,,,
https://ev-database.org/car/1657/Nissan-Leaf-eplus,Nissan,Leaf e+,59,Towbar not possible,Hatchback,5,6.9,157,340,174,240,41100,41890,34945,,,,,,,,,,,,,,,,,,,
https://ev-database.org/car/1709/Fisker-Ocean-Sport,Fisker,Ocean Sport,75,Towbar possible,SUV,5,7.4,160,380,197,480,41560,42000,35970,,,,,,,,,,,,,,,,,,,
https://ev-database.org/car/1832/Volkswagen-ID3-Pro-S---4-Seats,Volkswagen,ID.3 Pro S - 4 Seats,77,Towbar possible,Hatchback,4,7.9,160,455,169,680,47595,47990,42870,,,,,,,,,,,,,,,,,,,
https://ev-database.org/car/1559/Mercedes-EQB-300-4MATIC,Mercedes,EQB 300 4MATIC,66.5,Towbar not possible,SUV,7,8,160,340,196,490,55519,65483,55310,,,,,,,,,,,,,,,,,,,
https://ev-database.org/car/1769/Audi-Q8-e-tron-50-quattro,Audi,Q8 e-tron 50 quattro,89,Towbar possible,SUV,5,6,200,420,212,650,74400,71385,67800,,,,,,,,,,,,,,,,,,,
https://ev-database.org/car/1813/Dacia-Spring-Electric-65-Extreme,Dacia,Spring Electric 65 Extreme,25,Towbar not possible,Hatchback,4,13.7,125,160,156,170,24550,23400,N/A,,,,,,,,,,,,,,,,,,,
https://ev-database.org/car/1717/Hyundai-IONIQ-6-Standard-Range-2WD,Hyundai,IONIQ 6 Standard Range 2WD,54,Towbar possible,Sedan,5,8.8,185,365,148,900,43900,45895,N/A,,,,,,,,,,,,,,,,,,,
https://ev-database.org/car/1565/Toyota-bZ4X-AWD,Toyota,bZ4X AWD,64,Towbar possible,SUV,5,6.9,160,315,203,470,57390,59995,52510,,,,,,,,,,,,,,,,,,,
https://ev-database.org/car/1744/Peugeot-e-308,Peugeot,e-308,50.8,Towbar not possible,Hatchback,5,9.8,170,300,169,450,44765,43585,37000,,,,,,,,,,,,,,,,,,,
https://ev-database.org/car/1524/MG-Marvel-R,MG,Marvel R,70,Towbar possible,SUV,5,7.9,200,365,192,400,46990,49485,N/A,,,,,,,,,,,,,,,,,,,
https://ev-database.org/car/1240/Mercedes-EQV-300-Long,Mercedes,EQV 300 Long,90,Towbar not possible,SPV,7,12.1,160,310,290,310,71626,83617,87995,,,,,,,,,,,,,,,,,,,
https://ev-database.org/car/1540/MG-ZS-EV-Standard-Range,MG,ZS EV Standard Range,49,Towbar possible,SUV,5,8.6,175,265,185,250,33990,35885,30495,,,,,,,,,,,,,,,,,,,
https://ev-database.org/car/1631/Skoda-Enyaq-Coupe-iV-RS,Skoda,Enyaq Coupe iV RS,77,Towbar possible,SUV,5,6.5,180,435,177,600,63300,61990,54370,,,,,,,,,,,,,,,,,,,
https://ev-database.org/car/1187/Skoda-Enyaq-iV-50,Skoda,Enyaq iV 50,52,Towbar not possible,SUV,5,11.3,160,305,170,250,39900,N/A,N/A,,,,,,,,,,,,,,,,,,,
https://ev-database.org/car/1675/Mercedes-EQS-SUV-580-4MATIC,Mercedes,EQS SUV 580 4MATIC,108.4,Towbar possible,SUV,7,4.6,210,485,224,630,135434,167291,139470,,,,,,,,,,,,,,,,,,,
https://ev-database.org/car/1819/Polestar-2-Long-Range-Dual-Motor,Polestar,2 Long Range Dual Motor,79,Towbar possible,Liftback,5,4.5,205,425,186,630,58775,59900,52950,,,,,,,,,,,,,,,,,,,
https://ev-database.org/car/1653/Mercedes-EQE-AMG-53-4MATICplus,Mercedes,EQE AMG 53 4MATIC+,90.6,Towbar possible,Sedan,5,3.5,220,465,195,690,N/A,128613,114750,,,,,,,,,,,,,,,,,,,
https://ev-database.org/car/1629/Skoda-Enyaq-Coupe-iV-80,Skoda,Enyaq Coupe iV 80,77,Towbar possible,SUV,5,8.7,160,465,166,720,54400,51990,44825,,,,,,,,,,,,,,,,,,,
https://ev-database.org/car/1697/Mercedes-EQA-250,Mercedes,EQA 250,66.5,Towbar possible,SUV,5,8.6,160,395,168,570,50777,57618,N/A,,,,,,,,,,,,,,,,,,,
https://ev-database.org/car/1834/Kia-EV9-998-kWh-RWD,Kia,EV9 99.8 kWh RWD,99.8,Towbar possible,SUV,7,9.4,185,470,212,850,68000,71495,60000,,,,,,,,,,,,,,,,,,,
https://ev-database.org/car/1949/Peugeot-e-208-51-kWh,Peugeot,e-208 51 kWh,48.1,Towbar not possible,Hatchback,5,8.2,150,310,155,480,42000,37770,35000,,,,,,,,,,,,,,,,,,,
https://ev-database.org/car/1537/Mercedes-EQS-AMG-53-4MATICplus,Mercedes,EQS AMG 53 4MATIC+,107.8,Towbar possible,Sedan,5,3.4,250,540,200,810,155009,176608,161860,,,,,,,,,,,,,,,,,,,
https://ev-database.org/car/1937/Zeekr-X-Privilege-AWD,Zeekr,X Privilege AWD,64,Towbar possible,SUV,5,3.8,180,350,183,520,N/A,50490,N/A,,,,,,,,,,,,,,,,,,,
https://ev-database.org/car/1706/Citroen-e-C4-X,Citroen,e-C4 X,46.3,Towbar not possible,Sedan,5,9.7,150,275,168,440,37540,40990,31995,,,,,,,,,,,,,,,,,,,
https://ev-database.org/car/1817/Polestar-2-Standard-Range-Single-Motor,Polestar,2 Standard Range Single Motor,67,Towbar possible,Liftback,5,6.4,205,385,174,460,50775,51200,44950,,,,,,,,,,,,,,,,,,,
https://ev-database.org/car/1758/Polestar-3-Long-Range-Dual-motor,Polestar,3 Long Range Dual motor,107,Towbar possible,SUV,5,5,210,490,218,640,88600,89900,79900,,,,,,,,,,,,,,,,,,,
https://ev-database.org/car/1754/Ford-Mustang-Mach-E-ER-RWD,Ford,Mustang Mach-E ER RWD,91,Towbar possible,SUV,5,7,180,480,190,420,71200,59400,59380,,,,,,,,,,,,,,,,,,,
https://ev-database.org/car/1281/Skoda-Enyaq-iV-80x,Skoda,Enyaq iV 80x,77,Towbar possible,SUV,5,6.9,160,425,181,590,N/A,N/A,50805,,,,,,,,,,,,,,,,,,,
https://ev-database.org/car/1947/Peugeot-e-2008-54-kWh,Peugeot,e-2008 54 kWh,50.8,Towbar not possible,SUV,5,9.1,150,300,169,480,40000,41420,36350,,,,,,,,,,,,,,,,,,,
https://ev-database.org/car/1301/Nissan-Ariya-63kWh,Nissan,Ariya 63kWh,63,Towbar possible,SUV,5,7.5,160,335,188,450,47490,47990,39645,,,,,,,,,,,,,,,,,,,
https://ev-database.org/car/1823/XPENG-P7-Wing-Edition,XPENG,P7 Wing Edition,82.7,Towbar not possible,Sedan,5,4.1,200,465,178,650,N/A,71188,N/A,,,,,,,,,,,,,,,,,,,
https://ev-database.org/car/1803/Maserati-GranTurismo-Folgore,Maserati,GranTurismo Folgore,83,Towbar not possible,Coupe,4,2.7,320,425,195,990,250000,250000,200000,,,,,,,,,,,,,,,,,,,
https://ev-database.org/car/1801/Volvo-C40-Recharge-Twin-Motor,Volvo,C40 Recharge Twin Motor,79,Towbar possible,SUV,5,4.7,180,400,198,600,61400,61495,53605,,,,,,,,,,,,,,,,,,,
https://ev-database.org/car/1812/Jaguar-I-Pace-EV400,Jaguar,I-Pace EV400,84.7,Towbar possible,SUV,5,4.8,200,380,223,360,92400,95450,69995,,,,,,,,,,,,,,,,,,,
https://ev-database.org/car/1762/Mercedes-EQE-SUV-500-4MATIC,Mercedes,EQE SUV 500 4MATIC,90.6,Towbar possible,SUV,5,4.9,210,435,208,650,99841,116755,108760,,,,,,,,,,,,,,,,,,,
https://ev-database.org/car/1233/Honda-e-Advance,Honda,e Advance,28.5,Towbar not possible,Hatchback,4,8.3,145,170,168,180,39900,40615,37395,,,,,,,,,,,,,,,,,,,
https://ev-database.org/car/1496/Mercedes-EQA-350-4MATIC,Mercedes,EQA 350 4MATIC,66.5,Towbar possible,SUV,5,6,160,350,190,500,56424,66935,54510,,,,,,,,,,,,,,,,,,,
https://ev-database.org/car/1972/CUPRA-Tavascan-VZ,CUPRA,Tavascan VZ,77,Towbar not possible,SUV,5,5.6,180,410,188,610,58000,60000,55000,,,,,,,,,,,,,,,,,,,
https://ev-database.org/car/1589/SsangYong-Korando-e-Motion,SsangYong,Korando e-Motion,56,Towbar possible,SUV,5,8.5,156,290,193,330,40490,39990,N/A,,,,,,,,,,,,,,,,,,,
https://ev-database.org/car/1789/NIO-EL7-100-kWh,NIO,EL7 100 kWh,90,Towbar possible,SUV,5,3.9,200,430,209,450,94900,97900,N/A,,,,,,,,,,,,,,,,,,,
https://ev-database.org/car/1778/Mercedes-EQB-250plus,Mercedes,EQB 250+,70.5,Towbar not possible,SUV,7,8.9,160,410,172,550,53978,61974,N/A,,,,,,,,,,,,,,,,,,,
https://ev-database.org/car/1907/BMW-i5-M60-xDrive-Sedan,BMW,i5 M60 xDrive Sedan,81.2,Towbar possible,Sedan,5,3.8,230,425,191,630,99500,108427,97745,,,,,,,,,,,,,,,,,,,
https://ev-database.org/car/1527/Audi-Q4-e-tron-45-quattro,Audi,Q4 e-tron 45 quattro,76.6,Towbar possible,SUV,5,6.9,180,385,199,550,53990,61415,N/A,,,,,,,,,,,,,,,,,,,
https://ev-database.org/car/1480/Kia-EV6-Standard-Range-2WD,Kia,EV6 Standard Range 2WD,54,Towbar possible,SUV,5,8.5,185,305,177,750,46990,45995,N/A,,,,,,,,,,,,,,,,,,,
https://ev-database.org/car/1824/XPENG-G9-RWD-Standard-Range,XPENG,G9 RWD Standard Range,75,Towbar possible,SUV,5,6.4,200,375,200,780,N/A,59188,N/A,,,,,,,,,,,,,,,,,,,
https://ev-database.org/car/1942/Opel-Corsa-Electric-51-kWh,Opel,Corsa Electric 51 kWh,48.1,Towbar not possible,Hatchback,5,8.1,150,315,153,490,38045,37999,35475,,,,,,,,,,,,,,,,,,,
https://ev-database.org/car/1811/VinFast-VF-9-Extended-Range,VinFast,VF 9 Extended Range,123,Towbar not possible,SUV,7,6.5,200,520,237,520,89790,91300,N/A,,,,,,,,,,,,,,,,,,,
https://ev-database.org/car/1700/Mercedes-EQS-500-4MATIC,Mercedes,EQS 500 4MATIC,107.8,Towbar possible,Sedan,5,4.8,210,590,183,880,125378,147326,N/A,,,,,,,,,,,,,,,,,,,
https://ev-database.org/car/1918/BYD-DOLPHIN-449-kWh-Boost,BYD,DOLPHIN 44.9 kWh Boost,44.9,Towbar not possible,Hatchback,5,8,160,255,176,260,32740,32990,28500,,,,,,,,,,,,,,,,,,,
https://ev-database.org/car/1975/Elaris-BEO-86-kWh,Elaris,BEO 86 kWh,81,Towbar not possible,SUV,5,8,150,390,208,290,53090,N/A,N/A,,,,,,,,,,,,,,,,,,,
https://ev-database.org/car/1971/CUPRA-Tavascan-Endurance,CUPRA,Tavascan Endurance,77,Towbar not possible,SUV,5,6.8,180,425,181,630,52000,55000,50000,,,,,,,,,,,,,,,,,,,
https://ev-database.org/car/1761/Mercedes-EQE-SUV-350-4MATIC,Mercedes,EQE SUV 350 4MATIC,90.6,Towbar possible,SUV,5,6.6,210,435,208,650,89548,99089,90560,,,,,,,,,,,,,,,,,,,
https://ev-database.org/car/1745/Peugeot-e-308-SW,Peugeot,e-308 SW,50.8,Towbar not possible,Station,5,9,150,300,169,450,45000,44875,38000,,,,,,,,,,,,,,,,,,,
https://ev-database.org/car/1652/Mercedes-EQE-AMG-43-4MATIC,Mercedes,EQE AMG 43 4MATIC,90.6,Towbar possible,Sedan,5,4.2,210,465,195,690,N/A,111068,N/A,,,,,,,,,,,,,,,,,,,
https://ev-database.org/car/1775/Volvo-EX90-Twin-Motor,Volvo,EX90 Twin Motor,107,Towbar possible,SUV,7,5.9,180,465,230,610,105550,88995,96255,,,,,,,,,,,,,,,,,,,
https://ev-database.org/car/1800/Volvo-C40-Recharge-Single-Motor-ER,Volvo,C40 Recharge Single Motor ER,79,Towbar possible,SUV,5,7.3,180,420,188,630,54450,52995,N/A,,,,,,,,,,,,,,,,,,,
https://ev-database.org/car/1711/Fisker-Ocean-Extreme,Fisker,Ocean Extreme,106.5,Towbar possible,SUV,5,3.9,205,530,201,630,69950,70000,60880,,,,,,,,,,,,,,,,,,,
https://ev-database.org/car/1768/Lotus-Eletre-R,Lotus,Eletre R,109,Towbar possible,Sedan,5,2.9,260,455,240,950,150990,154090,120000,,,,,,,,,,,,,,,,,,,
https://ev-database.org/car/1588/Renault-Megane-E-Tech-EV60-130hp,Renault,Megane E-Tech EV60 130hp,60,Towbar possible,SUV,5,10.5,150,380,158,530,47000,43970,N/A,,,,,,,,,,,,,,,,,,,
https://ev-database.org/car/1912/Volkswagen-ID5-Pro,Volkswagen,ID.5 Pro,77,Towbar possible,SUV,5,10.4,160,430,179,660,47935,53990,50710,,,,,,,,,,,,,,,,,,,
https://ev-database.org/car/1098/Lucid-Air-Dream-Edition-P,Lucid,Air Dream Edition P,118,Towbar not possible,Sedan,5,2.7,270,665,177,840,218000,222000,N/A,,,,,,,,,,,,,,,,,,,
https://ev-database.org/car/1829/Hyundai-Kona-Electric-48-kWh,Hyundai,Kona Electric 48 kWh,48.4,Towbar possible,SUV,5,7.8,160,295,164,280,40000,39995,34995,,,,,,,,,,,,,,,,,,,
https://ev-database.org/car/1716/Mercedes-EQE-500-4MATIC,Mercedes,EQE 500 4MATIC,90.6,Towbar possible,Sedan,5,4.7,210,485,187,720,N/A,113488,N/A,,,,,,,,,,,,,,,,,,,
https://ev-database.org/car/1699/Mercedes-EQS-450-4MATIC,Mercedes,EQS 450 4MATIC,107.8,Towbar possible,Sedan,5,5.6,210,605,178,900,113359,129902,N/A,,,,,,,,,,,,,,,,,,,
https://ev-database.org/car/1536/Renault-Megane-E-Tech-EV40-130hp,Renault,Megane E-Tech EV40 130hp,40,Towbar possible,SUV,5,10,150,260,154,370,42000,38370,N/A,,,,,,,,,,,,,,,,,,,
https://ev-database.org/car/1673/Mercedes-EQS-SUV-450plus,Mercedes,EQS SUV 450+,108.4,Towbar possible,SUV,7,6.7,210,500,217,650,110801,120827,N/A,,,,,,,,,,,,,,,,,,,
https://ev-database.org/car/1316/Lucid-Air-Grand-Touring,Lucid,Air Grand Touring,112,Towbar not possible,Sedan,5,3,270,665,168,840,159000,165000,N/A,,,,,,,,,,,,,,,,,,,
https://ev-database.org/car/1495/Mercedes-EQA-300-4MATIC,Mercedes,EQA 300 4MATIC,66.5,Towbar possible,SUV,5,7.7,160,350,190,500,53746,64031,53010,,,,,,,,,,,,,,,,,,,
https://ev-database.org/car/1528/Audi-Q4-Sportback-e-tron-40,Audi,Q4 Sportback e-tron 40,76.6,Towbar possible,SUV,5,8.5,160,425,180,660,53900,61465,52130,,,,,,,,,,,,,,,,,,,
https://ev-database.org/car/1938/Citroen-e-C4-54-kWh,Citroen,e-C4 54 kWh,50.8,Towbar not possible,Hatchback,5,10,150,320,159,460,41540,45090,N/A,,,,,,,,,,,,,,,,,,,
https://ev-database.org/car/1411/Volkswagen-ID4-Pure-Performance,Volkswagen,ID.4 Pure Performance,52,Towbar possible,SUV,5,9,160,285,182,360,39955,45390,40275,,,,,,,,,,,,,,,,,,,
https://ev-database.org/car/1799/Volvo-C40-Recharge-Single-Motor,Volvo,C40 Recharge Single Motor,66,Towbar possible,SUV,5,7.3,180,355,186,430,47500,50995,48355,,,,,,,,,,,,,,,,,,,
https://ev-database.org/car/1773/Audi-SQ8-e-tron,Audi,SQ8 e-tron,106,Towbar possible,SUV,5,4.5,210,455,233,570,95800,99135,97500,,,,,,,,,,,,,,,,,,,
https://ev-database.org/car/1821/XPENG-P7-RWD-Long-Range,XPENG,P7 RWD Long Range,82.7,Towbar not possible,Sedan,5,6.7,200,495,167,690,N/A,51188,N/A,,,,,,,,,,,,,,,,,,,
https://ev-database.org/car/1810/VinFast-VF-9-Standard-Range,VinFast,VF 9 Standard Range,92,Towbar not possible,SUV,7,6.5,200,400,230,540,83000,N/A,N/A,,,,,,,,,,,,,,,,,,,
https://ev-database.org/car/1715/Mercedes-EQE-350-4MATIC,Mercedes,EQE 350 4MATIC,90.6,Towbar possible,Sedan,5,6.3,210,485,187,720,N/A,86263,N/A,,,,,,,,,,,,,,,,,,,
https://ev-database.org/car/1752/NIO-ET7-100-kWh,NIO,ET7 100 kWh,90,Towbar possible,Sedan,5,3.8,200,505,178,530,90900,93900,N/A,,,,,,,,,,,,,,,,,,,
https://ev-database.org/car/1946/Peugeot-e-2008-50-kWh,Peugeot,e-2008 50 kWh,46.3,Towbar not possible,SUV,5,9.9,150,270,171,430,37000,38970,N/A,,,,,,,,,,,,,,,,,,,
https://ev-database.org/car/1924/Porsche-Taycan-Plus,Porsche,Taycan Plus,83.7,Towbar not possible,Sedan,4,5.4,230,485,173,1190,98863,104707,83654,,,,,,,,,,,,,,,,,,,
https://ev-database.org/car/1781/ORA-Funky-Cat-48-kWh,ORA,Funky Cat 48 kWh,45.4,Towbar not possible,Hatchback,5,8.3,160,260,175,240,38990,N/A,31995,,,,,,,,,,,,,,,,,,,
https://ev-database.org/car/1920/Smart-1-Pulse,Smart,#1 Pulse,62,Towbar possible,SUV,5,3.9,180,320,194,490,46490,N/A,N/A,,,,,,,,,,,,,,,,,,,
https://ev-database.org/car/1905/BMW-i7-eDrive50,BMW,i7 eDrive50,101.7,Towbar not possible,Sedan,5,5.5,205,520,196,780,115700,122463,100205,,,,,,,,,,,,,,,,,,,
https://ev-database.org/car/1936/Zeekr-X-Long-Range-RWD,Zeekr,X Long Range RWD,64,Towbar possible,SUV,5,5.6,180,360,178,540,N/A,45990,N/A,,,,,,,,,,,,,,,,,,,
https://ev-database.org/car/1793/Opel-Astra-Sports-Tourer-Electric,Opel,Astra Sports Tourer Electric,50.8,Towbar not possible,Station,5,8.5,170,300,169,480,46000,42000,42000,,,,,,,,,,,,,,,,,,,
https://ev-database.org/car/1756/Ford-Mustang-Mach-E-ER-AWD,Ford,Mustang Mach-E ER AWD,91,Towbar possible,SUV,5,5.8,180,440,207,390,77200,70940,65405,,,,,,,,,,,,,,,,,,,
https://ev-database.org/car/1646/MG-MG5-Electric-Standard-Range,MG,MG5 Electric Standard Range,46,Towbar possible,Station,5,7.7,185,265,174,320,35490,35885,N/A,,,,,,,,,,,,,,,,,,,
https://ev-database.org/car/1546/Citroen-e-Berlingo-M-50-kWh,Citroen,e-Berlingo M 50 kWh,46.3,Towbar possible,SPV,5,11.7,135,205,226,330,37790,41741,32315,,,,,,,,,,,,,,,,,,,
https://ev-database.org/car/1746/Hongqi-E-HS9-84-kWh,Hongqi,E-HS9 84 kWh,76.5,Towbar possible,SUV,5,6.5,200,320,239,440,N/A,83590,N/A,,,,,,,,,,,,,,,,,,,
https://ev-database.org/car/1950/Volvo-EX90-Single-Motor,Volvo,EX90 Single Motor,101,Towbar possible,SUV,7,8.4,180,460,220,600,N/A,83495,N/A,,,,,,,,,,,,,,,,,,,
https://ev-database.org/car/1725/Genesis-GV70-Electrified-Sport,Genesis,GV70 Electrified Sport,74,Towbar possible,SUV,5,4.2,235,350,211,860,67300,N/A,65105,,,,,,,,,,,,,,,,,,,
https://ev-database.org/car/1825/XPENG-G9-RWD-Long-Range,XPENG,G9 RWD Long Range,94,Towbar possible,SUV,5,6.4,200,470,200,980,N/A,63188,N/A,,,,,,,,,,,,,,,,,,,
https://ev-database.org/car/1791/DS-3-E-Tense,DS,3 E-Tense,50.8,Towbar not possible,SUV,5,9,150,300,169,480,40540,42140,37200,,,,,,,,,,,,,,,,,,,
https://ev-database.org/car/1838/BMW-i7-M70-xDrive,BMW,i7 M70 xDrive,101.7,Towbar not possible,Sedan,5,3.7,250,490,208,730,181800,189877,163315,,,,,,,,,,,,,,,,,,,
https://ev-database.org/car/1935/Zeekr-001-Privilege-AWD,Zeekr,001 Privilege AWD,94,Towbar possible,Liftback,5,3.8,200,500,188,700,N/A,68490,N/A,,,,,,,,,,,,,,,,,,,
https://ev-database.org/car/1814/ORA-Funky-Cat-63-kWh,ORA,Funky Cat 63 kWh,59.3,Towbar not possible,Hatchback,5,8.2,160,340,174,240,44490,N/A,N/A,,,,,,,,,,,,,,,,,,,
https://ev-database.org/car/1804/Seres-3,Seres,3,51,Towbar not possible,SUV,5,8.9,155,260,196,240,N/A,37995,N/A,,,,,,,,,,,,,,,,,,,
https://ev-database.org/car/1304/Nissan-Ariya-e-4ORCE-87kWh---225-kW,Nissan,Ariya e-4ORCE 87kWh - 225 kW,87,Towbar possible,SUV,5,5.7,200,405,215,480,61990,61990,50845,,,,,,,,,,,,,,,,,,,
https://ev-database.org/car/1749/Kia-e-Soul-64-kWh,Kia,e-Soul 64 kWh,64,Towbar possible,SUV,5,7.9,167,370,173,350,46950,42695,39045,,,,,,,,,,,,,,,,,,,
https://ev-database.org/car/1948/Peugeot-e-208-50-kWh,Peugeot,e-208 50 kWh,46.3,Towbar not possible,Hatchback,5,9,150,290,160,460,39000,35320,32000,,,,,,,,,,,,,,,,,,,
https://ev-database.org/car/1560/Porsche-Taycan-GTS,Porsche,Taycan GTS,83.7,Towbar not possible,Sedan,4,3.7,250,450,186,1110,139906,146663,110200,,,,,,,,,,,,,,,,,,,
https://ev-database.org/car/1913/Volkswagen-ID5-Pro-Performance,Volkswagen,ID.5 Pro Performance,77,Towbar possible,SUV,5,8.4,160,430,179,660,48970,55690,52185,,,,,,,,,,,,,,,,,,,
https://ev-database.org/car/1771/Audi-Q8-e-tron-Sportback-50-quattro,Audi,Q8 e-tron Sportback 50 quattro,89,Towbar possible,SUV,5,6,200,445,200,690,76650,73785,70300,,,,,,,,,,,,,,,,,,,
https://ev-database.org/car/1648/Genesis-GV60-Sport,Genesis,GV60 Sport,74,Towbar possible,SUV,5,5.5,200,380,195,990,63200,N/A,58365,,,,,,,,,,,,,,,,,,,
https://ev-database.org/car/1815/ORA-Funky-Cat-GT,ORA,Funky Cat GT,59.3,Towbar not possible,Hatchback,5,8.2,160,330,180,230,49490,N/A,N/A,,,,,,,,,,,,,,,,,,,
https://ev-database.org/car/1943/Lexus-UX-300e,Lexus,UX 300e,64,Towbar not possible,SUV,5,7.5,160,340,188,170,N/A,N/A,47495,,,,,,,,,,,,,,,,,,,
https://ev-database.org/car/1802/Renault-Kangoo-E-Tech-Electric,Renault,Kangoo E-Tech Electric,45,Towbar possible,SPV,5,12.6,132,220,205,230,39300,N/A,N/A,,,,,,,,,,,,,,,,,,,
https://ev-database.org/car/1328/Fiat-500e-3plus1-42-kWh,Fiat,500e 3+1 42 kWh,37.3,Towbar not possible,Hatchback,4,9,150,235,159,390,36990,35490,N/A,,,,,,,,,,,,,,,,,,,
https://ev-database.org/car/1820/Polestar-2-Long-Range-Performance,Polestar,2 Long Range Performance,79,Towbar possible,Liftback,5,4.2,205,415,190,620,65275,66400,57950,,,,,,,,,,,,,,,,,,,
https://ev-database.org/car/1826/XPENG-G9-AWD-Long-Range,XPENG,G9 AWD Long Range,94,Towbar possible,SUV,5,3.9,200,440,214,920,N/A,73188,N/A,,,,,,,,,,,,,,,,,,,
https://ev-database.org/car/1678/Aiways-U5,Aiways,U5,60,Towbar not possible,SUV,5,7.5,150,315,190,380,39563,42950,N/A,,,,,,,,,,,,,,,,,,,
https://ev-database.org/car/1776/Volvo-EX90-Twin-Motor-Performance,Volvo,EX90 Twin Motor Performance,107,Towbar possible,SUV,7,4.9,180,450,238,590,110650,98495,100555,,,,,,,,,,,,,,,,,,,
https://ev-database.org/car/1753/Ford-Mustang-Mach-E-SR-RWD,Ford,Mustang Mach-E SR RWD,70,Towbar possible,SUV,5,6.9,180,375,187,390,62900,53900,50830,,,,,,,,,,,,,,,,,,,
https://ev-database.org/car/1808/VinFast-VF-8-Plus-Standard-Range,VinFast,VF 8 Plus Standard Range,82,Towbar not possible,SUV,5,5.5,200,400,205,560,55000,N/A,N/A,,,,,,,,,,,,,,,,,,,
https://ev-database.org/car/1941/Opel-Corsa-Electric-50-kWh,Opel,Corsa Electric 50 kWh,46.3,Towbar not possible,Hatchback,5,8.7,150,295,157,470,34650,34999,32445,,,,,,,,,,,,,,,,,,,
https://ev-database.org/car/1759/Polestar-3-Long-Range-Performance,Polestar,3 Long Range Performance,107,Towbar possible,SUV,5,4.7,210,470,228,610,95200,96500,85500,,,,,,,,,,,,,,,,,,,
https://ev-database.org/car/1702/Volkswagen-ID4-Pro-4MOTION,Volkswagen,ID.4 Pro 4MOTION,77,Towbar possible,SUV,5,6.9,180,405,190,560,49020,N/A,N/A,,,,,,,,,,,,,,,,,,,
https://ev-database.org/car/1628/Skoda-Enyaq-Coupe-iV-60,Skoda,Enyaq Coupe iV 60,58,Towbar possible,SUV,5,8.8,160,355,163,480,43000,47990,N/A,,,,,,,,,,,,,,,,,,,
https://ev-database.org/car/1928/Porsche-Taycan-Turbo-S,Porsche,Taycan Turbo S,83.7,Towbar not possible,Sedan,4,2.8,260,430,195,1060,197740,206163,148300,,,,,,,,,,,,,,,,,,,
https://ev-database.org/car/1896/eGo-ewave-X,e.Go,e.wave X,27,Towbar not possible,Hatchback,4,12,135,150,180,-,24990,N/A,N/A,,,,,,,,,,,,,,,,,,,
https://ev-database.org/car/1786/NIO-ET5-75-kWh,NIO,ET5 75 kWh,70.5,Towbar possible,Sedan,5,4,200,395,178,530,59500,62700,N/A,,,,,,,,,,,,,,,,,,,
https://ev-database.org/car/1914/Volkswagen-ID5-GTX,Volkswagen,ID.5 GTX,77,Towbar possible,SUV,5,6.3,180,405,190,560,56455,63790,56545,,,,,,,,,,,,,,,,,,,
https://ev-database.org/car/1674/Mercedes-EQS-SUV-450-4MATIC,Mercedes,EQS SUV 450 4MATIC,108.4,Towbar possible,SUV,7,6,210,490,221,640,114609,127845,129470,,,,,,,,,,,,,,,,,,,
https://ev-database.org/car/1327/Fiat-500e-Hatchback-24-kWh,Fiat,500e Hatchback 24 kWh,21.3,Towbar not possible,Hatchback,4,9,135,135,158,230,30990,28990,28195,,,,,,,,,,,,,,,,,,,
https://ev-database.org/car/1317/Lucid-Air-Touring,Lucid,Air Touring,92,Towbar not possible,Sedan,5,3.2,250,580,159,970,129000,134000,N/A,,,,,,,,,,,,,,,,,,,
https://ev-database.org/car/1897/Mercedes-EQE-300,Mercedes,EQE 300,89,Towbar possible,Sedan,5,7.3,210,515,173,650,67187,N/A,N/A,,,,,,,,,,,,,,,,,,,
https://ev-database.org/car/1282/Skoda-Enyaq-iV-RS,Skoda,Enyaq iV RS,77,Towbar possible,SUV,5,6.2,180,420,183,580,63300,N/A,52670,,,,,,,,,,,,,,,,,,,
https://ev-database.org/car/1318/Lucid-Air-Pure-AWD,Lucid,Air Pure AWD,92,Towbar not possible,Sedan,5,4.2,200,590,156,990,109000,115000,N/A,,,,,,,,,,,,,,,,,,,
https://ev-database.org/car/1916/NIO-ET5-Touring-100-kWh,NIO,ET5 Touring 100 kWh,90,Towbar possible,Station,5,4,200,485,186,500,68500,72900,N/A,,,,,,,,,,,,,,,,,,,
https://ev-database.org/car/1795/Mercedes-EQS-SUV-500-4MATIC,Mercedes,EQS SUV 500 4MATIC,108.4,Towbar possible,SUV,7,5.2,210,490,221,640,124545,152166,N/A,,,,,,,,,,,,,,,,,,,
https://ev-database.org/car/1492/Audi-Q4-Sportback-e-tron-50-quattro,Audi,Q4 Sportback e-tron 50 quattro,76.6,Towbar possible,SUV,5,6.2,180,400,192,570,59900,73065,58510,,,,,,,,,,,,,,,,,,,
https://ev-database.org/car/1290/Audi-Q4-Sportback-e-tron-35,Audi,Q4 Sportback e-tron 35,52,Towbar possible,SUV,5,9,160,295,176,370,N/A,54155,N/A,,,,,,,,,,,,,,,,,,,
https://ev-database.org/car/1757/Ford-Mustang-Mach-E-GT,Ford,Mustang Mach-E GT,91,Towbar possible,SUV,5,4.4,200,425,214,380,86200,79200,74540,,,,,,,,,,,,,,,,,,,
https://ev-database.org/car/1915/NIO-ET5-Touring-75-kWh,NIO,ET5 Touring 75 kWh,70.5,Towbar possible,Station,5,4,200,385,183,520,59500,63900,N/A,,,,,,,,,,,,,,,,,,,
https://ev-database.org/car/1923/Porsche-Taycan,Porsche,Taycan,71,Towbar not possible,Sedan,4,5.4,230,420,169,1030,93139,98663,79200,,,,,,,,,,,,,,,,,,,
https://ev-database.org/car/1843/Maserati-Grecale-Folgore,Maserati,Grecale Folgore,95,Towbar not possible,SUV,5,4.1,220,405,235,440,N/A,150000,135000,,,,,,,,,,,,,,,,,,,
https://ev-database.org/car/1922/NIO-EL6-100-kWh,NIO,EL6 100 kWh,90,Towbar possible,SUV,5,4.5,200,440,205,460,74500,76900,N/A,,,,,,,,,,,,,,,,,,,
https://ev-database.org/car/1647/Genesis-GV60-Premium,Genesis,GV60 Premium,74,Towbar possible,SUV,5,7.8,185,390,190,1020,N/A,N/A,53905,,,,,,,,,,,,,,,,,,,
https://ev-database.org/car/1780/Toyota-Proace-City-Verso-Electric-L2-50-kWh,Toyota,Proace City Verso Electric L2 50 kWh,46.3,Towbar possible,SPV,7,11.2,135,205,226,330,40150,46895,N/A,,,,,,,,,,,,,,,,,,,
https://ev-database.org/car/1764/Mercedes-EQE-SUV-AMG-53-4MATICplus,Mercedes,EQE SUV AMG 53 4MATIC+,90.6,Towbar possible,SUV,5,3.5,240,410,221,610,139438,149788,133860,,,,,,,,,,,,,,,,,,,
https://ev-database.org/car/1703/Genesis-G80-Electrified-Luxury,Genesis,G80 Electrified Luxury,82.5,Towbar not possible,Sedan,5,4.9,225,440,188,880,69200,N/A,69805,,,,,,,,,,,,,,,,,,,
https://ev-database.org/car/1926/Porsche-Taycan-4S-Plus,Porsche,Taycan 4S Plus,83.7,Towbar not possible,Sedan,4,4,250,480,174,1180,120081,126395,94996,,,,,,,,,,,,,,,,,,,
https://ev-database.org/car/1275/Fiat-500e-Cabrio-42-kWh,Fiat,500e Cabrio 42 kWh,37.3,Towbar not possible,Cabrio,4,9,150,230,162,380,37990,37490,34195,,,,,,,,,,,,,,,,,,,
https://ev-database.org/car/1517/CUPRA-Born-170-kW---58-kWh,CUPRA,Born 170 kW - 58 kWh,58,Towbar not possible,Hatchback,5,6.6,160,345,168,460,40750,47490,39205,,,,,,,,,,,,,,,,,,,
https://ev-database.org/car/1755/Ford-Mustang-Mach-E-SR-AWD,Ford,Mustang Mach-E SR AWD,70,Towbar possible,SUV,5,6.3,180,345,203,360,69200,66445,N/A,,,,,,,,,,,,,,,,,,,
https://ev-database.org/car/1630/Skoda-Enyaq-Coupe-iV-80x,Skoda,Enyaq Coupe iV 80x,77,Towbar possible,SUV,5,7,160,450,171,630,56650,N/A,52505,,,,,,,,,,,,,,,,,,,
https://ev-database.org/car/1779/Toyota-Proace-City-Verso-Electric-L1-50-kWh,Toyota,Proace City Verso Electric L1 50 kWh,46.3,Towbar possible,SPV,5,11.2,135,210,220,330,37800,45495,N/A,,,,,,,,,,,,,,,,,,,
https://ev-database.org/car/1602/Opel-Vivaro-e-Combi-M-75-kWh,Opel,Vivaro-e Combi M 75 kWh,68,Towbar possible,SPV,9,13.3,130,265,257,290,56942,57123,N/A,,,,,,,,,,,,,,,,,,,
https://ev-database.org/car/1939/Citroen-e-C4-X-54-kWh,Citroen,e-C4 X 54 kWh,50.8,Towbar not possible,Sedan,5,10,150,305,167,440,41540,45940,N/A,,,,,,,,,,,,,,,,,,,
https://ev-database.org/car/1607/Peugeot-e-Expert-Combi-Standard-75-kWh,Peugeot,e-Expert Combi Standard 75 kWh,68,Towbar possible,SPV,9,14.3,130,265,257,290,57940,57367,N/A,,,,,,,,,,,,,,,,,,,
https://ev-database.org/car/1615/Mercedes-eVito-Tourer-Long-90-kWh,Mercedes,eVito Tourer Long 90 kWh,90,Towbar not possible,SPV,9,12,160,310,290,310,64248,79061,76368,,,,,,,,,,,,,,,,,,,
https://ev-database.org/car/1903/Abarth-500e-Hatchback,Abarth,500e Hatchback,37.8,Towbar not possible,Hatchback,4,7,155,225,168,370,37990,38490,34195,,,,,,,,,,,,,,,,,,,
https://ev-database.org/car/1822/XPENG-P7-AWD-Performance,XPENG,P7 AWD Performance,82.7,Towbar not possible,Sedan,5,4.1,200,460,180,640,N/A,61188,N/A,,,,,,,,,,,,,,,,,,,
https://ev-database.org/car/1774/Audi-SQ8-e-tron-Sportback,Audi,SQ8 e-tron Sportback,106,Towbar possible,SUV,5,4.5,210,480,221,610,98050,101535,100000,,,,,,,,,,,,,,,,,,,
https://ev-database.org/car/1908/Mercedes-EQT-200-Standard,Mercedes,EQT 200 Standard,45,Towbar possible,SPV,5,12.6,132,225,200,230,49445,N/A,N/A,,,,,,,,,,,,,,,,,,,
https://ev-database.org/car/1305/Nissan-Ariya-e-4ORCE-87kWh---290-kW,Nissan,Ariya e-4ORCE 87kWh - 290 kW,87,Towbar possible,SUV,5,5.1,200,405,215,480,71490,71990,N/A,,,,,,,,,,,,,,,,,,,
https://ev-database.org/car/1766/Aiways-U6,Aiways,U6,60,Towbar not possible,SUV,5,7,160,350,171,430,47588,48975,N/A,,,,,,,,,,,,,,,,,,,
https://ev-database.org/car/1921/NIO-EL6-75-kWh,NIO,EL6 75 kWh,70.5,Towbar possible,SUV,5,4.5,200,350,201,470,65500,67900,N/A,,,,,,,,,,,,,,,,,,,
https://ev-database.org/car/1925/Porsche-Taycan-4S,Porsche,Taycan 4S,71,Towbar not possible,Sedan,4,4,250,415,171,1020,114559,120564,90700,,,,,,,,,,,,,,,,,,,
https://ev-database.org/car/1930/Porsche-Taycan-4S-Cross-Turismo,Porsche,Taycan 4S Cross Turismo,83.7,Towbar not possible,Station,4,4.1,240,440,190,1080,119914,126064,95200,,,,,,,,,,,,,,,,,,,
https://ev-database.org/car/1315/Mercedes-EQV-300-Extra-Long,Mercedes,EQV 300 Extra-Long,90,Towbar not possible,SPV,7,12.1,160,310,290,310,72519,84809,N/A,,,,,,,,,,,,,,,,,,,
https://ev-database.org/car/1929/Porsche-Taycan-4-Cross-Turismo,Porsche,Taycan 4 Cross Turismo,83.7,Towbar not possible,Station,4,5.1,220,440,190,1080,103254,109064,88200,,,,,,,,,,,,,,,,,,,
https://ev-database.org/car/1763/Mercedes-EQE-SUV-AMG-43-4MATIC,Mercedes,EQE SUV AMG 43 4MATIC,90.6,Towbar possible,SUV,5,4.3,210,415,218,620,124920,130791,N/A,,,,,,,,,,,,,,,,,,,
https://ev-database.org/car/1788/NIO-EL7-75-kWh,NIO,EL7 75 kWh,70.5,Towbar possible,SUV,5,3.9,200,340,207,460,85900,88900,N/A,,,,,,,,,,,,,,,,,,,
https://ev-database.org/car/1898/Mercedes-EQE-350,Mercedes,EQE 350,89,Towbar possible,Sedan,5,6.4,210,510,175,640,70995,N/A,N/A,,,,,,,,,,,,,,,,,,,
https://ev-database.org/car/1514/Toyota-PROACE-Verso-M-75-kWh,Toyota,PROACE Verso M 75 kWh,68,Towbar possible,SPV,8,13.1,130,265,257,290,64530,N/A,N/A,,,,,,,,,,,,,,,,,,,
https://ev-database.org/car/1714/Mercedes-EQE-350,Mercedes,EQE 350,89,Towbar possible,Sedan,5,6.4,210,510,175,640,N/A,83238,77345,,,,,,,,,,,,,,,,,,,
https://ev-database.org/car/1726/Fiat-500e-3plus1-24-kWh,Fiat,500e 3+1 24 kWh,21.3,Towbar not possible,Hatchback,4,9,135,135,158,230,N/A,30990,N/A,,,,,,,,,,,,,,,,,,,
https://ev-database.org/car/1616/Mercedes-eVito-Tourer-Extra-Long-90-kWh,Mercedes,eVito Tourer Extra-Long 90 kWh,90,Towbar not possible,SPV,9,12,160,305,295,310,65140,80253,83850,,,,,,,,,,,,,,,,,,,
https://ev-database.org/car/1544/Opel-Combo-e-Life-50-kWh,Opel,Combo-e Life 50 kWh,46.3,Towbar possible,SPV,7,11.7,135,205,226,330,43050,39434,34085,,,,,,,,,,,,,,,,,,,
https://ev-database.org/car/1621/Porsche-Taycan-Sport-Turismo,Porsche,Taycan Sport Turismo,71,Towbar not possible,Station,4,5.4,230,380,187,930,94091,99563,80200,,,,,,,,,,,,,,,,,,,
https://ev-database.org/car/1750/Kia-e-Soul-392-kWh,Kia,e-Soul 39.2 kWh,39.2,Towbar not possible,SUV,5,9.9,157,230,170,200,N/A,37295,32845,,,,,,,,,,,,,,,,,,,
https://ev-database.org/car/1523/Peugeot-e-Rifter-Long-50-kWh,Peugeot,e-Rifter Long 50 kWh,46.3,Towbar possible,SPV,7,11.7,135,200,232,320,42440,41430,35120,,,,,,,,,,,,,,,,,,,
https://ev-database.org/car/1522/Peugeot-e-Rifter-Standard-50-kWh,Peugeot,e-Rifter Standard 50 kWh,46.3,Towbar possible,SPV,7,11.7,135,205,226,330,41240,39620,33120,,,,,,,,,,,,,,,,,,,
https://ev-database.org/car/1899/Mercedes-EQE-350-4MATIC,Mercedes,EQE 350 4MATIC,89,Towbar possible,Sedan,5,6.3,210,475,187,600,74149,N/A,N/A,,,,,,,,,,,,,,,,,,,
https://ev-database.org/car/1608/Peugeot-e-Expert-Combi-Long-75-kWh,Peugeot,e-Expert Combi Long 75 kWh,68,Towbar possible,SPV,9,14.3,130,260,262,280,58730,59303,N/A,,,,,,,,,,,,,,,,,,,
https://ev-database.org/car/1827/Mini-Cooper-SE-Convertible,Mini,Cooper SE Convertible,28.9,Towbar not possible,Cabrio,4,8.2,150,165,175,230,N/A,62990,52500,,,,,,,,,,,,,,,,,,,
https://ev-database.org/car/1349/Opel-Zafira-e-Life-L-75-kWh,Opel,Zafira-e Life L 75 kWh,68,Towbar possible,SPV,9,13.3,130,260,262,280,70075,68134,N/A,,,,,,,,,,,,,,,,,,,
https://ev-database.org/car/1649/Genesis-GV60-Sport-Plus,Genesis,GV60 Sport Plus,74,Towbar possible,SUV,5,4,235,365,203,950,73100,N/A,67505,,,,,,,,,,,,,,,,,,,
https://ev-database.org/car/1807/VinFast-VF-8-Eco-Extended-Range,VinFast,VF 8 Eco Extended Range,87.7,Towbar not possible,SUV,5,5.9,200,425,206,550,52990,53900,N/A,,,,,,,,,,,,,,,,,,,
https://ev-database.org/car/1904/Abarth-500e-Convertible,Abarth,500e Convertible,37.8,Towbar not possible,Hatchback,4,7,155,225,168,370,40990,41490,37195,,,,,,,,,,,,,,,,,,,
https://ev-database.org/car/1597/Citroen-e-Jumpy-Combi-M-75-kWh,Citroen,e-Jumpy Combi M 75 kWh,68,Towbar possible,SPV,9,13.3,130,265,257,290,57940,57022,N/A,,,,,,,,,,,,,,,,,,,
https://ev-database.org/car/1515/Toyota-PROACE-Verso-L-75-kWh,Toyota,PROACE Verso L 75 kWh,68,Towbar possible,SPV,8,13.1,130,260,262,280,65385,77445,N/A,,,,,,,,,,,,,,,,,,,
https://ev-database.org/car/1931/Porsche-Taycan-Turbo-Cross-Turismo,Porsche,Taycan Turbo Cross Turismo,83.7,Towbar not possible,Station,4,3.3,250,425,197,1050,165848,173264,126800,,,,,,,,,,,,,,,,,,,
https://ev-database.org/car/1354/Peugeot-e-Traveller-Long-75-kWh,Peugeot,e-Traveller Long 75 kWh,68,Towbar possible,SPV,9,14.3,130,260,262,280,60430,68378,N/A,,,,,,,,,,,,,,,,,,,
https://ev-database.org/car/1720/Audi-Q4-Sportback-e-tron-45-quattro,Audi,Q4 Sportback e-tron 45 quattro,76.6,Towbar possible,SUV,5,6.9,180,400,192,570,55900,63465,N/A,,,,,,,,,,,,,,,,,,,
https://ev-database.org/car/1927/Porsche-Taycan-Turbo,Porsche,Taycan Turbo,83.7,Towbar not possible,Sedan,4,3.2,260,445,188,1090,164420,171763,125800,,,,,,,,,,,,,,,,,,,
https://ev-database.org/car/1341/Citroen-e-SpaceTourer-M-50-kWh,Citroen,e-SpaceTourer M 50 kWh,46.3,Towbar possible,SPV,9,12.1,130,185,250,290,53640,57083,37045,,,,,,,,,,,,,,,,,,,
https://ev-database.org/car/1561/Porsche-Taycan-GTS-Sport-Turismo,Porsche,Taycan GTS Sport Turismo,83.7,Towbar not possible,Station,4,3.7,250,425,197,1050,140858,147563,111200,,,,,,,,,,,,,,,,,,,
https://ev-database.org/car/1902/Mercedes-EQE-AMG-53-4MATICplus,Mercedes,EQE AMG 53 4MATIC+,90.6,Towbar possible,Sedan,5,3.5,220,465,195,690,110706,N/A,N/A,,,,,,,,,,,,,,,,,,,
https://ev-database.org/car/1724/Fiat-E-Ulysse-L3-75-kWh,Fiat,E-Ulysse L3 75 kWh,68,Towbar possible,SPV,8,13.3,130,260,262,280,62990,N/A,N/A,,,,,,,,,,,,,,,,,,,
https://ev-database.org/car/1900/Mercedes-EQE-500-4MATIC,Mercedes,EQE 500 4MATIC,90.6,Towbar possible,Sedan,5,4.7,210,485,187,720,88215,N/A,N/A,,,,,,,,,,,,,,,,,,,
https://ev-database.org/car/1727/Fiat-500e-Cabrio-24-kWh,Fiat,500e Cabrio 24 kWh,21.3,Towbar not possible,Cabrio,4,9,135,135,158,230,35490,31990,N/A,,,,,,,,,,,,,,,,,,,
https://ev-database.org/car/1351/Peugeot-e-Traveller-Standard-50-kWh,Peugeot,e-Traveller Standard 50 kWh,46.3,Towbar possible,SPV,9,13.1,130,185,250,290,53640,57428,42785,,,,,,,,,,,,,,,,,,,
https://ev-database.org/car/1932/Porsche-Taycan-Turbo-S-Cross-Turismo,Porsche,Taycan Turbo S Cross Turismo,83.7,Towbar not possible,Station,4,2.9,250,410,204,1010,199168,207664,149300,,,,,,,,,,,,,,,,,,,
https://ev-database.org/car/1547/Citroen-e-Berlingo-XL-50-kWh,Citroen,e-Berlingo XL 50 kWh,46.3,Towbar possible,SPV,7,11.7,135,205,226,330,43640,43556,33315,,,,,,,,,,,,,,,,,,,
https://ev-database.org/car/1542/Mercedes-EQV-250-Long,Mercedes,EQV 250 Long,60,Towbar not possible,SPV,7,12,160,210,286,200,68056,N/A,N/A,,,,,,,,,,,,,,,,,,,
https://ev-database.org/car/1806/VinFast-VF-8-Eco-Standard-Range,VinFast,VF 8 Eco Standard Range,82,Towbar not possible,SUV,5,5.9,200,405,202,560,50000,N/A,N/A,,,,,,,,,,,,,,,,,,,
https://ev-database.org/car/1346/Opel-Zafira-e-Life-M-50-kWh,Opel,Zafira-e Life M 50 kWh,46.3,Towbar possible,SPV,9,12.1,130,185,250,290,63250,57183,42735,,,,,,,,,,,,,,,,,,,
https://ev-database.org/car/1611/Toyota-PROACE-Shuttle-M-75-kWh,Toyota,PROACE Shuttle M 75 kWh,68,Towbar possible,SPV,9,13.1,130,265,257,290,N/A,60095,N/A,,,,,,,,,,,,,,,,,,,
https://ev-database.org/car/1601/Opel-Vivaro-e-Combi-L-50-kWh,Opel,Vivaro-e Combi L 50 kWh,46.3,Towbar possible,SPV,9,12.1,130,180,257,290,51825,50044,37835,,,,,,,,,,,,,,,,,,,
https://ev-database.org/car/1809/VinFast-VF-8-Plus-Extended-Range,VinFast,VF 8 Plus Extended Range,87.7,Towbar not possible,SUV,5,5.5,200,425,206,550,58890,59790,N/A,,,,,,,,,,,,,,,,,,,
https://ev-database.org/car/1901/Mercedes-EQE-AMG-43-4MATIC,Mercedes,EQE AMG 43 4MATIC,90.6,Towbar possible,Sedan,5,4.2,210,465,195,690,104756,N/A,N/A,,,,,,,,,,,,,,,,,,,
https://ev-database.org/car/1722/Fiat-E-Ulysse-L2-75-kWh,Fiat,E-Ulysse L2 75 kWh,68,Towbar possible,SPV,8,13.3,130,265,257,290,61990,N/A,N/A,,,,,,,,,,,,,,,,,,,
https://ev-database.org/car/1622/Porsche-Taycan-Plus-Sport-Turismo,Porsche,Taycan Plus Sport Turismo,83.7,Towbar not possible,Station,4,5.4,230,445,188,1090,99815,105607,84654,,,,,,,,,,,,,,,,,,,
https://ev-database.org/car/1617/Mercedes-eVito-Tourer-Long-60-kWh,Mercedes,eVito Tourer Long 60 kWh,60,Towbar not possible,SPV,9,12,160,210,286,310,60678,79061,N/A,,,,,,,,,,,,,,,,,,,
https://ev-database.org/car/1618/Mercedes-eVito-Tourer-Extra-Long-60-kWh,Mercedes,eVito Tourer Extra-Long 60 kWh,60,Towbar not possible,SPV,9,12,160,205,293,300,61571,80253,N/A,,,,,,,,,,,,,,,,,,,
https://ev-database.org/car/1595/Citroen-e-Jumpy-Combi-M-50-kWh,Citroen,e-Jumpy Combi M 50 kWh,46.3,Towbar possible,SPV,9,12.1,130,185,250,290,51940,48008,N/A,,,,,,,,,,,,,,,,,,,
https://ev-database.org/car/1625/Porsche-Taycan-Turbo-Sport-Turismo,Porsche,Taycan Turbo Sport Turismo,83.7,Towbar not possible,Station,4,3.2,260,405,207,1000,165372,172863,126800,,,,,,,,,,,,,,,,,,,
https://ev-database.org/car/1342/Citroen-e-SpaceTourer-XL-50-kWh,Citroen,e-SpaceTourer XL 50 kWh,46.3,Towbar possible,SPV,9,12.1,130,180,257,290,54430,59019,37885,,,,,,,,,,,,,,,,,,,
https://ev-database.org/car/1605/Peugeot-e-Expert-Combi-Standard-50-kWh,Peugeot,e-Expert Combi Standard 50 kWh,46.3,Towbar possible,SPV,9,13.1,130,185,250,290,51940,48353,N/A,,,,,,,,,,,,,,,,,,,
https://ev-database.org/car/1623/Porsche-Taycan-4S-Sport-Turismo,Porsche,Taycan 4S Sport Turismo,71,Towbar not possible,Station,4,4,250,370,192,910,114559,121463,91700,,,,,,,,,,,,,,,,,,,
https://ev-database.org/car/1352/Peugeot-e-Traveller-Long-50-kWh,Peugeot,e-Traveller Long 50 kWh,46.3,Towbar possible,SPV,9,13.1,130,185,250,290,54430,59364,43625,,,,,,,,,,,,,,,,,,,
https://ev-database.org/car/1626/Porsche-Taycan-Turbo-S-Sport-Turismo,Porsche,Taycan Turbo S Sport Turismo,83.7,Towbar not possible,Station,4,2.8,260,395,212,970,198692,207163,149300,,,,,,,,,,,,,,,,,,,
https://ev-database.org/car/1348/Opel-Zafira-e-Life-M-75-kWh,Opel,Zafira-e Life M 75 kWh,68,Towbar possible,SPV,9,13.3,130,265,257,290,69250,66198,N/A,,,,,,,,,,,,,,,,,,,
https://ev-database.org/car/1609/Toyota-PROACE-Shuttle-M-50-kWh,Toyota,PROACE Shuttle M 50 kWh,46.3,Towbar possible,SPV,9,12.1,130,185,250,290,N/A,58895,N/A,,,,,,,,,,,,,,,,,,,
https://ev-database.org/car/1606/Peugeot-e-Expert-Combi-Long-50-kWh,Peugeot,e-Expert Combi Long 50 kWh,46.3,Towbar possible,SPV,9,13.1,130,185,250,290,52730,50289,N/A,,,,,,,,,,,,,,,,,,,
https://ev-database.org/car/1353/Peugeot-e-Traveller-Standard-75-kWh,Peugeot,e-Traveller Standard 75 kWh,68,Towbar possible,SPV,9,14.3,130,265,257,290,59640,66442,N/A,,,,,,,,,,,,,,,,,,,
https://ev-database.org/car/1347/Opel-Zafira-e-Life-L-50-kWh,Opel,Zafira-e Life L 50 kWh,46.3,Towbar possible,SPV,9,12.1,130,180,257,290,64075,59119,43575,,,,,,,,,,,,,,,,,,,
https://ev-database.org/car/1612/Toyota-PROACE-Shuttle-L-75-kWh,Toyota,PROACE Shuttle L 75 kWh,68,Towbar possible,SPV,9,13.1,130,260,262,280,N/A,69795,N/A,,,,,,,,,,,,,,,,,,,
https://ev-database.org/car/1603/Opel-Vivaro-e-Combi-L-75-kWh,Opel,Vivaro-e Combi L 75 kWh,68,Towbar possible,SPV,9,13.3,130,260,262,280,57775,59059,N/A,,,,,,,,,,,,,,,,,,,
https://ev-database.org/car/1600/Opel-Vivaro-e-Combi-M-50-kWh,Opel,Vivaro-e Combi M 50 kWh,46.3,Towbar possible,SPV,9,12.1,130,185,250,290,50992,48108,36995,,,,,,,,,,,,,,,,,,,
https://ev-database.org/car/1344/Citroen-e-SpaceTourer-XL-75-kWh,Citroen,e-SpaceTourer XL 75 kWh,68,Towbar possible,SPV,9,13.3,130,260,262,280,60430,68033,N/A,,,,,,,,,,,,,,,,,,,
https://ev-database.org/car/1624/Porsche-Taycan-4S-Plus-Sport-Turismo,Porsche,Taycan 4S Plus Sport Turismo,83.7,Towbar not possible,Station,4,4,250,430,195,1060,120081,127294,95996,,,,,,,,,,,,,,,,,,,
https://ev-database.org/car/1598/Citroen-e-Jumpy-Combi-XL-75-kWh,Citroen,e-Jumpy Combi XL 75 kWh,68,Towbar possible,SPV,9,13.3,130,260,262,280,58730,58958,N/A,,,,,,,,,,,,,,,,,,,
https://ev-database.org/car/1343/Citroen-e-SpaceTourer-M-75-kWh,Citroen,e-SpaceTourer M 75 kWh,68,Towbar possible,SPV,9,13.3,130,265,257,290,59640,66097,N/A,,,,,,,,,,,,,,,,,,,
https://ev-database.org/car/1723/Fiat-E-Ulysse-L3-50-kWh,Fiat,E-Ulysse L3 50 kWh,46.3,Towbar possible,SPV,8,12.1,130,180,257,290,56990,N/A,N/A,,,,,,,,,,,,,,,,,,,
https://ev-database.org/car/1545/Opel-Combo-e-Life-XL-50-kWh,Opel,Combo-e Life XL 50 kWh,46.3,Towbar possible,SPV,7,11.7,135,200,232,320,44750,N/A,34685,,,,,,,,,,,,,,,,,,,
https://ev-database.org/car/1610/Toyota-PROACE-Shuttle-L-50-kWh,Toyota,PROACE Shuttle L 50 kWh,46.3,Towbar possible,SPV,9,12.1,130,180,257,290,N/A,68595,N/A,,,,,,,,,,,,,,,,,,,
https://ev-database.org/car/1596/Citroen-e-Jumpy-Combi-XL-50-kWh,Citroen,e-Jumpy Combi XL 50 kWh,46.3,Towbar possible,SPV,9,12.1,130,180,257,290,52730,49944,N/A,,,,,,,,,,,,,,,,,,,
https://ev-database.org/car/1721/Fiat-E-Ulysse-L2-50-kWh,Fiat,E-Ulysse L2 50 kWh,46.3,Towbar possible,SPV,8,12.1,130,185,250,290,55990,N/A,N/A,,,,,,,,,,,,,,,,,,,
https://ev-database.org/car/1543/Mercedes-EQV-250-Extra-Long,Mercedes,EQV 250 Extra-Long,60,Towbar not possible,SPV,7,12,160,210,286,200,68949,N/A,N/A,,,,,,,,,,,,,,,,,,,
